Customer_Segment,Clicks,Impressions,CTR,ROI,Conversion_Rate,Acquisition_Cost,Engagement_Score,impressions_share
Foodies,22080774.0,220815116.0,0.14141300774521687,5.004375746120175,0.0802574114604059,12524.558147632311,5.511465380023876,0.20047487430831643
Tech Enthusiasts,22035992.0,220385244.0,0.14112726346139579,5.004233518467784,0.0801676172449005,12480.392991457249,5.485168488954198,0.20008459968975878
Health & Wellness,21953923.0,220457458.0,0.1398569551608336,5.003201714801444,0.07994509626955475,12504.418346369835,5.484155635780184,0.20015016174382258
Fashionistas,21855164.0,219253627.0,0.1399528448688345,5.000961702984249,0.07979417241205777,12503.44557395199,5.489909918977404,0.19905722085831973
Outdoor Adventurers,22028553.0,220548859.0,0.13966518977023995,4.999393166879108,0.08018045037614656,12509.128539651596,5.502736747394467,0.2002331433997825
