Target_Audience,Clicks,Impressions,CTR,ROI,Conversion_Rate,Acquisition_Cost,Engagement_Score,impressions_share
Men 25-34,22014338.0,220388856.0,0.14013419828290358,5.020627139394848,0.08013167428728482,12480.61834445194,5.491942133273368,0.2000878789727133
Women 35-44,21826318.0,219042735.0,0.1405789006539533,5.006330284476025,0.08010204852974526,12515.623856678509,5.486506916622572,0.19886575503859466
All Ages,21965301.0,220352342.0,0.13980181270553535,5.005174042329894,0.07997476198805568,12501.914915415178,5.4870936305255,0.20005472843622332
Women 25-34,22051647.0,220449734.0,0.14103079234835994,4.997351110888961,0.07989903281433534,12500.490940444355,5.492739859545647,0.20014314923509036
Men 18-24,22096802.0,221226637.0,0.14048287003229085,4.982853345918824,0.08023995230761588,12523.299195191017,5.515077748522033,0.20084848831737834
