Company,Clicks,Impressions,CTR,ROI,Conversion_Rate,Acquisition_Cost,Engagement_Score,impressions_share
TechCorp,22166485.0,221505557.0,0.14092792344144883,5.007143176678182,0.08015682083654348,12509.263811914407,5.475283942639859,0.20110171578185174
Alpha Innovations,21983300.0,220640249.0,0.14027515444600397,5.005943671818431,0.08008389303637863,12513.59569049462,5.497041272377718,0.20031611506900027
DataTech Solutions,22041615.0,220252334.0,0.14075540751410018,5.0055370888733375,0.07998875337398781,12503.275617314806,5.501424572628212,0.1999639326085055
Innovate Industries,21805668.0,218725247.0,0.14031067166093858,5.002175073660883,0.08038429575159284,12500.535621647485,5.507920118864741,0.19857751224051376
NexGen Systems,21957338.0,220336917.0,0.1397544491040218,4.991352554324723,0.07973619064289465,12495.224075416969,5.492085719286839,0.20004072430012876
