Channel_Used,Clicks,Impressions,CTR,ROI,Conversion_Rate,Acquisition_Cost,Engagement_Score,impressions_share
Facebook,18037947.0,180659428.0,0.14049925956978432,5.018698619702002,0.0799917730582894,12510.900941527774,5.503702123769767,0.164018101554752
Website,18414628.0,183806353.0,0.14097136273248603,5.014166666666667,0.08018285371702638,12487.81474820144,5.5089028776978415,0.16687514959231795
Google Ads,18340807.0,185006879.0,0.13918967366399929,5.003141336204319,0.08018332436150488,12528.031401399605,5.494048687122436,0.16796508991575967
Email,18493963.0,184801107.0,0.14054268926840013,4.996486502574482,0.08028155599869044,12526.387809160988,5.48784190005655,0.1677782724705438
YouTube,18350407.0,183448082.0,0.14119605311928385,4.993754192620987,0.07988919501677048,12481.390213224724,5.484936511739339,0.1665498804939229
Instagram,18316654.0,183738455.0,0.1400369093120031,4.988705977479635,0.07988649976042166,12491.760002395784,5.489039290848107,0.16681350597270367
