ad_platform,clicks,comment,impressions,likes,purchase,shares,engagements,engagement_rate,ctr
Facebook,25641,2655,218042,7589,1333,1288,8877,0.04071233982443749,0.11759660982746444
Instagram,14854,1487,125115,4556,717,690,5246,0.04192942492906526,0.1187227750469568
