age_group,clicks,comment,impressions,likes,purchase,shares,engagements,engagement_rate,ctr
16-17,3536,373,30156,1051,159,165,1216,0.04032365035150551,0.11725693062740417
18-24,12532,1257,106744,3766,644,631,4397,0.04119201079217567,0.11740238327212771
25-34,16855,1727,142248,4987,857,806,5793,0.04072464990720432,0.11849024239356616
35-44,5885,630,50020,1798,307,305,2103,0.04204318272690924,0.11765293882447021
45-54,1348,128,11134,424,66,58,482,0.04329082090892761,0.12107059457517513
55-65,339,27,2855,119,17,13,132,0.04623467600700525,0.11873905429071804
