Channel_Used,Clicks,Impressions,CTR,ROI,Conversion_Rate,Acquisition_Cost,Engagement_Score,impressions_share
Instagram,1515298729.0,4602504047.0,0.32131679774660565,4.008785901652441,0.0797643173859203,7726.252813011811,5.507649698406146,0.2737911881372085
Twitter,1515770057.0,4603219796.0,0.32158472384127373,4.00223621287825,0.08036328077907116,7774.121679503838,5.495760384713273,0.2738337662136462
Facebook,1520264076.0,4617307456.0,0.3213589406089322,3.9869295141291046,0.07987001756159864,7745.022815576605,5.478393911979139,0.2746718050573029
Pinterest,894768249.0,2987239617.0,0.2923964039841507,0.7164312552725379,0.08004222050558057,7769.738762686129,1.0,0.17770324059184248
