Customer_Segment,Clicks,Impressions,CTR,ROI,Conversion_Rate,Acquisition_Cost,Engagement_Score,impressions_share
Technology,1087522328.0,3356787018.0,0.3143088010257189,3.192356465176387,0.08005397727272728,7762.570485127005,4.368633021390374,0.19968666982071143
Health,1090097207.0,3364176902.0,0.31406182617279776,3.185991538724371,0.0799354258895583,7738.066216423127,4.384532170555537,0.20012627510946177
Fashion,1089512107.0,3362820490.0,0.3142760099359157,3.177891515269188,0.08009993326659995,7762.581041875208,4.379062395729062,0.20004558563058436
Home,1090574808.0,3366671310.0,0.314017405352546,3.1695457293211704,0.08004510877706943,7761.365258085457,4.348852306207034,0.20027466105829417
Food,1088394661.0,3359815196.0,0.31411695879975315,3.1627240260213143,0.07991291606307341,7744.2250889987845,4.365019897763791,0.19986680838094828
